*Node,
0,0,0,2.5,1,1,1,0,0,0,
1,0.99359,0.02337,2.5,0,0,0,0,0,0,
2,2.14983,-0.1431,2.5,0,0,0,0,0,0,
3,0,-1,2.5,1,0,0,0,0,0,
4,0.77508,-1.23595,2.5,0,0,0,0,0,0,
5,2.11214,-1.00264,2.5,0,0,0,0,0,0,
6,0.73688,-0.73742,2.5,0,0,0,0,0,0,
7,1.8474,-0.57848,2.5,1,1,1,0,0,0,
8,2.5,-0.5,2.5,0,0,0,0,0,0,

*Element,
0,0,1,
1,1,2,
2,2,8,
3,8,5,
4,5,4,
5,4,3,
6,3,6,
7,6,0,
8,6,1,
9,6,4,
10,1,4,
11,1,7,
12,4,7,
13,7,2,
14,7,5,
15,2,5
