*Node,xPos,yPos,zPos,xDOF,yDOF,zDOF,xRot,yRot,zRot,forceX,forceY,forceZ,fDist,
0,0,0.400000006,0.5,0,0,1,0,0,0,0,0,0,0,
1,-1,1,0.5,0,0,1,0,0,0,0,0,0,0,
2,-0.400000006,0,0.5,0,0,1,0,0,0,0,0,0,0,
3,0,-0.400000006,0.5,0,0,1,0,0,0,0,0,0,0,
4,-1,-1,0.5,0,0,1,0,0,0,0,0,0,0,
5,0.400000006,0,0.5,0,0,1,0,0,0,0,0,0,0,
6,1,1,0.5,0,0,1,0,0,0,0,0,0,0,
7,1,-1,0.5,0,0,1,0,0,0,0,0,0,0,
8,-0.333333343,1,0.5,0,0,1,0,0,0,0,0,0,0,
9,-1,0.333333343,0.5,0,0,1,0,0,0,0,0,0,0,
10,-0.282842726,0.282842726,0.5,0,0,1,0,0,0,0,0,0,0,
11,-0.282842726,-0.282842726,0.5,0,0,1,0,0,0,0,0,0,0,
12,-1,-0.333333343,0.5,0,0,1,0,0,0,0,0,0,0,
13,-0.333333343,-1,0.5,0,0,1,0,0,0,0,0,0,0,
14,0.282842726,0.282842726,0.5,0,0,1,0,0,0,0,0,0,0,
15,1,0.333333343,0.5,0,0,1,0,0,0,0,0,0,0,
16,0.333333343,1,0.5,0,0,1,0,0,0,0,0,0,0,
17,0.333333343,-1,0.5,0,0,1,0,0,0,0,0,0,0,
18,1,-0.333333343,0.5,0,0,1,0,0,0,0,0,0,0,
19,0.282842726,-0.282842726,0.5,0,0,1,0,0,0,0,0,0,0,

*Tri,
0,1,8,10,
1,8,10,0,
2,8,16,0,
3,16,14,0,
4,16,6,14,
5,6,15,14,
6,14,15,5,
7,5,15,18,
8,5,18,19,
9,19,18,7,
10,19,7,17,
11,19,17,3,
12,3,17,13,
13,3,13,11,
14,11,13,4,
15,11,4,12,
16,11,12,2,
17,2,12,9,
18,2,9,10,
19,10,9,1