*Node,
0,3.538,1.461039,0.257,1,1,
1,2.027,1.461039,0.257,0,0,
2,1.675,1.067019,0.257,0,0,
3,2.027,0.673,0.257,0,0,
4,3.538,0.673,0.257,1,1,
5,2.379,1.067019,0.257,0,0,
*Element,
0,0,1,0.05,2e11,
1,1,2,0.05,2e11,
2,2,3,0.05,2e11,
3,3,4,0.05,2e11,
4,4,5,0.05,2e11,
5,0,5,0.05,2e11,
6,5,1,0.05,2e11,
7,5,3,0.05,2e11